name,email,date_of_birth,mobile_no,first_name,last_name,above_18,membership_id
Patty Smith,Patty_Smith@ross.com,19750827,59428759,Patty,Smith,True,Smith_c7677
Sean Wang DDS,Sean_Wang@gibson-calderon.com,,25595367,Sean,Wang DDS,False,Wang DDS_9b2d5
Richard Estrada,Richard_Estrada@malone.com,,22821527,Richard,Estrada,False,Estrada_9b2d5
Jackson Cline,Jackson_Cline@hudson.net,,48056519,Jackson,Cline,False,Cline_9b2d5
Allen Williams,Allen_Williams@sanchez.net,,77991519,Allen,Williams,False,Williams_9b2d5
Eric Flores,Eric_Flores@dillon-patterson.com,19820701,36641663,Eric,Flores,True,Flores_8a42c
Anna Richardson,Anna_Richardson@perry.com,,64083047,Anna,Richardson,False,Richardson_9b2d5
Taylor Gomez,Taylor_Gomez@johnston.com,,24007567,Taylor,Gomez,False,Gomez_9b2d5
Jeremy Rodriguez,Jeremy_Rodriguez@roth.com,,32567967,Jeremy,Rodriguez,False,Rodriguez_9b2d5
April Garcia,April_Garcia@hall.com,,24650447,April,Garcia,False,Garcia_9b2d5
Sharon Garza,Sharon_Garza@duran.com,20020830,59411567,Sharon,Garza,True,Garza_40199
Lori Sanchez,Lori_Sanchez@hardin-warner.net,,76989167,Lori,Sanchez,False,Sanchez_9b2d5
Jason Armstrong,Jason_Armstrong@curtis.com,,68514503,Jason,Armstrong,False,Armstrong_9b2d5
Jessica Allison,Jessica_Allison@harper.com,,66821135,Jessica,Allison,False,Allison_9b2d5
Arthur Hall MD,Arthur_Hall@gonzalez.com,19941103,65493407,Arthur,Hall MD,True,Hall MD_b302a
Sherry Meza,Sherry_Meza@west.com,19970904,33491119,Sherry,Meza,True,Meza_af7be
Matthew Turner,Matthew_Turner@martinez.com,,73291455,Matthew,Turner,False,Turner_9b2d5
Sophia Randolph,Sophia_Randolph@leonard-ramirez.com,,94510479,Sophia,Randolph,False,Randolph_9b2d5
Samuel Thompson,Samuel_Thompson@sanchez-carroll.com,19840403,99063183,Samuel,Thompson,True,Thompson_16040
Zachary Lee,Zachary_Lee@smith.com,,36447751,Zachary,Lee,False,Lee_9b2d5
Kara Pittman,Kara_Pittman@gomez-vaughn.com,19680525,80502567,Kara,Pittman,True,Pittman_44c4d
Gabriella Anthony,Gabriella_Anthony@castro.com,,89108943,Gabriella,Anthony,False,Anthony_9b2d5
Misty Cantrell,Misty_Cantrell@flores-decker.com,,79619831,Misty,Cantrell,False,Cantrell_9b2d5
Kelly Guerrero,Kelly_Guerrero@riggs.com,,53052583,Kelly,Guerrero,False,Guerrero_9b2d5
David Nichols,David_Nichols@rocha.com,19620819,62269575,David,Nichols,True,Nichols_9226a
Shawn Galloway,Shawn_Galloway@johnston.com,,17471367,Shawn,Galloway,False,Galloway_9b2d5
Dennis Sanford,Dennis_Sanford@lopez-archer.com,,88084407,Dennis,Sanford,False,Sanford_9b2d5
Amanda Murphy,Amanda_Murphy@bright-gibbs.net,,30501351,Amanda,Murphy,False,Murphy_9b2d5
Bobby Martin,Bobby_Martin@jackson.com,20000331,43871143,Bobby,Martin,True,Martin_35f44
Vernon Bishop,Vernon_Bishop@clark-larson.com,,78396487,Vernon,Bishop,False,Bishop_9b2d5
Phillip Meyers,Phillip_Meyers@mcneil-williams.com,19601022,95409119,Phillip,Meyers,True,Meyers_2871d
Robert Martin,Robert_Martin@crawford.com,19500718,78547615,Robert,Martin,True,Martin_6f48d
William Taylor,William_Taylor@warner-morgan.net,,42996791,William,Taylor,False,Taylor_9b2d5
Michael Brady,Michael_Brady@wells-sanders.com,,65342263,Michael,Brady,False,Brady_9b2d5
James Rhodes,James_Rhodes@green.com,19771010,27465295,James,Rhodes,True,Rhodes_df266
Ryan Ramirez,Ryan_Ramirez@pham.com,19850425,67907071,Ryan,Ramirez,True,Ramirez_5ff32
Stephen Thompson,Stephen_Thompson@hess.com,,75033031,Stephen,Thompson,False,Thompson_9b2d5
Susan Williams,Susan_Williams@rowland.com,19760512,95688383,Susan,Williams,True,Williams_446e0
Dylan Johnson,Dylan_Johnson@montgomery.com,,52048815,Dylan,Johnson,False,Johnson_9b2d5
Pamela King,Pamela_King@soto.net,,72515095,Pamela,King,False,King_9b2d5
Robert Smith,Robert_Smith@joyce.com,,76366335,Robert,Smith,False,Smith_9b2d5
Samantha Gonzalez,Samantha_Gonzalez@rios-fletcher.com,,40456647,Samantha,Gonzalez,False,Gonzalez_9b2d5
Jeffery Walker,Jeffery_Walker@watson.com,,46574799,Jeffery,Walker,False,Walker_9b2d5
Todd Alvarez,Todd_Alvarez@vaughn.com,19741125,42011263,Todd,Alvarez,True,Alvarez_7bc5d
Brett Willis,Brett_Willis@gibbs.com,,86342007,Brett,Willis,False,Willis_9b2d5
Kristin Wilkins,Kristin_Wilkins@harvey.com,,84393855,Kristin,Wilkins,False,Wilkins_9b2d5
Joshua Lynch,Joshua_Lynch@daniels.com,19650526,71572839,Joshua,Lynch,True,Lynch_49515
Deborah Williams,Deborah_Williams@howard.com,,11357647,Deborah,Williams,False,Williams_9b2d5
Timothy Martin,Timothy_Martin@camacho-sparks.net,20030105,92008191,Timothy,Martin,True,Martin_0575d
Sarah Bright,Sarah_Bright@winters.com,19981115,24327743,Sarah,Bright,True,Bright_776f9
Rebecca Anderson,Rebecca_Anderson@carter-ramirez.com,,27023231,Rebecca,Anderson,False,Anderson_9b2d5
Roger Frost,Roger_Frost@cole-robinson.com,19700217,94120431,Roger,Frost,True,Frost_5ba4a
Eric Dunn,Eric_Dunn@reese.com,19600712,13714207,Eric,Dunn,True,Dunn_ae8e6
Heather Pierce,Heather_Pierce@williams-edwards.com,,32413999,Heather,Pierce,False,Pierce_9b2d5
Jordan Erickson,Jordan_Erickson@martinez.com,,64756655,Jordan,Erickson,False,Erickson_9b2d5
Susan Ali,Susan_Ali@leach.com,,74229143,Susan,Ali,False,Ali_9b2d5
Richard Wilson,Richard_Wilson@hernandez.com,,36349175,Richard,Wilson,False,Wilson_9b2d5
Jon Butler,Jon_Butler@blackwell.com,,78121695,Jon,Butler,False,Butler_9b2d5
Paul Phillips,Paul_Phillips@vance.com,,11213063,Paul,Phillips,False,Phillips_9b2d5
Adam Parker,Adam_Parker@yoder.com,19980722,27783391,Adam,Parker,True,Parker_5ebc0
Cory Walker,Cory_Walker@torres.net,,37614935,Cory,Walker,False,Walker_9b2d5
Jeffrey Sanchez,Jeffrey_Sanchez@jones-butler.com,19950914,73226919,Jeffrey,Sanchez,True,Sanchez_cf3c9
Bianca Martin,Bianca_Martin@mitchell.com,,86924127,Bianca,Martin,False,Martin_9b2d5
Jeffrey King,Jeffrey_King@hicks-boyd.com,,68622991,Jeffrey,King,False,King_9b2d5
Melanie Wiggins,Melanie_Wiggins@mcdonald-rice.com,,91699615,Melanie,Wiggins,False,Wiggins_9b2d5
Daniel Smith,Daniel_Smith@cummings.com,,26613823,Daniel,Smith,False,Smith_9b2d5
Scott Lawrence,Scott_Lawrence@aguilar.com,,59217375,Scott,Lawrence,False,Lawrence_9b2d5
James Sosa,James_Sosa@robles-hawkins.com,19571108,47053447,James,Sosa,True,Sosa_8de3e
Jamie Jackson,Jamie_Jackson@carr.com,19770526,71512687,Jamie,Jackson,True,Jackson_b5943
Jeffrey Hatfield,Jeffrey_Hatfield@morgan-erickson.com,,69441735,Jeffrey,Hatfield,False,Hatfield_9b2d5
James Phillips,James_Phillips@green-taylor.com,,89808183,James,Phillips,False,Phillips_9b2d5
Jessica Moore,Jessica_Moore@harrison-bautista.com,19990509,27155335,Jessica,Moore,True,Moore_6e3b7
Richard Anderson,Richard_Anderson@peck-franklin.com,,24730327,Richard,Anderson,False,Anderson_9b2d5
Lauren Hahn,Lauren_Hahn@simmons.com,,15132727,Lauren,Hahn,False,Hahn_9b2d5
Faith Edwards,Faith_Edwards@price.net,,44653063,Faith,Edwards,False,Edwards_9b2d5
Laura Vargas,Laura_Vargas@gallagher-young.com,19771009,40816943,Laura,Vargas,True,Vargas_0365e
Sarah Lewis,Sarah_Lewis@wyatt.com,,37945839,Sarah,Lewis,False,Lewis_9b2d5
Brad Huff,Brad_Huff@moore.com,,28207575,Brad,Huff,False,Huff_9b2d5
Alexander Richardson,Alexander_Richardson@perez.com,19581025,34675335,Alexander,Richardson,True,Richardson_e102e
Matthew Moore,Matthew_Moore@nichols.com,,66391671,Matthew,Moore,False,Moore_9b2d5
Joseph Howard,Joseph_Howard@williams.com,,46746383,Joseph,Howard,False,Howard_9b2d5
Anne Richards,Anne_Richards@mccarthy.com,19690906,84963423,Anne,Richards,True,Richards_9e514
Derek Thomas,Derek_Thomas@green.com,,37329863,Derek,Thomas,False,Thomas_9b2d5
Joseph Bonilla,Joseph_Bonilla@freeman.com,,66912183,Joseph,Bonilla,False,Bonilla_9b2d5
Gary Barber,Gary_Barber@roberts.net,,44790343,Gary,Barber,False,Barber_9b2d5
Brian Johnson,Brian_Johnson@carr.com,,76631695,Brian,Johnson,False,Johnson_9b2d5
Christine Peterson,Christine_Peterson@hamilton.com,19741119,57627175,Christine,Peterson,True,Peterson_d3043
Christopher Bautista,Christopher_Bautista@rodgers.com,19941202,48834663,Christopher,Bautista,True,Bautista_f2b74
Barbara Krueger,Barbara_Krueger@strong.com,,30905343,Barbara,Krueger,False,Krueger_9b2d5
Monica Oconnor,Monica_Oconnor@gordon.com,19800701,97887295,Monica,Oconnor,True,Oconnor_efac7
Peggy Johnson,Peggy_Johnson@berg.com,19720328,34795631,Peggy,Johnson,True,Johnson_317e0
Susan Herrera,Susan_Herrera@gomez.com,,24027735,Susan,Herrera,False,Herrera_9b2d5
Andrew Matthews,Andrew_Matthews@ramos-vaughn.com,,90821359,Andrew,Matthews,False,Matthews_9b2d5
Erin Kennedy,Erin_Kennedy@hendricks-mason.com,,35865639,Erin,Kennedy,False,Kennedy_9b2d5
Jason Lopez,Jason_Lopez@wood-hill.com,19740830,11287127,Jason,Lopez,True,Lopez_ad64b
Jerry Clark,Jerry_Clark@perez.com,19950928,46859655,Jerry,Clark,True,Clark_850e2
Alyssa Kim,Alyssa_Kim@beck-zuniga.com,19900811,59732335,Alyssa,Kim,True,Kim_bc531
Courtney Williams,Courtney_Williams@garner.com,,27598999,Courtney,Williams,False,Williams_9b2d5
Matthew Nelson,Matthew_Nelson@hunt.com,,45515247,Matthew,Nelson,False,Nelson_9b2d5
Robert Moore,Robert_Moore@young.com,,19512199,Robert,Moore,False,Moore_9b2d5
Nicole Mcgee,Nicole_Mcgee@reyes.com,,34539135,Nicole,Mcgee,False,Mcgee_9b2d5
Danielle Hunter,Danielle_Hunter@ballard.com,,99947039,Danielle,Hunter,False,Hunter_9b2d5
Kelly Perez,Kelly_Perez@ward-wilson.com,,60614735,Kelly,Perez,False,Perez_9b2d5
Mary Odom,Mary_Odom@morgan-reynolds.com,,98738367,Mary,Odom,False,Odom_9b2d5
Arthur Gibson II,Arthur_Gibson@thompson-thompson.com,19610603,75411807,Arthur,Gibson II,True,Gibson II_a7c50
Christopher Miller,Christopher_Miller@kelly.com,,16222031,Christopher,Miller,False,Miller_9b2d5
Amber Hopkins,Amber_Hopkins@hall.com,,15289039,Amber,Hopkins,False,Hopkins_9b2d5
Nancy Garcia,Nancy_Garcia@lewis-hayden.com,,62971303,Nancy,Garcia,False,Garcia_9b2d5
Alex Rhodes,Alex_Rhodes@russell.net,,75808519,Alex,Rhodes,False,Rhodes_9b2d5
Daniel Bennett,Daniel_Bennett@stephens-oneill.com,,20776023,Daniel,Bennett,False,Bennett_9b2d5
Kevin Woodard,Kevin_Woodard@lynch.com,,30319911,Kevin,Woodard,False,Woodard_9b2d5
Alan Peterson,Alan_Peterson@burch.com,,88993663,Alan,Peterson,False,Peterson_9b2d5
Jacob Grant,Jacob_Grant@cummings.com,,94196575,Jacob,Grant,False,Grant_9b2d5
Gabrielle Johnson,Gabrielle_Johnson@serrano.com,19581006,35424207,Gabrielle,Johnson,True,Johnson_fcba1
Caleb Morales,Caleb_Morales@collins.com,,69459679,Caleb,Morales,False,Morales_9b2d5
James Dominguez,James_Dominguez@black.com,,49527207,James,Dominguez,False,Dominguez_9b2d5
Kathryn Cardenas,Kathryn_Cardenas@skinner.com,,81016239,Kathryn,Cardenas,False,Cardenas_9b2d5
Jeffrey Santiago,Jeffrey_Santiago@duncan.com,,93827623,Jeffrey,Santiago,False,Santiago_9b2d5
Andrew Mclaughlin,Andrew_Mclaughlin@fitzpatrick-lucas.com,,66417719,Andrew,Mclaughlin,False,Mclaughlin_9b2d5
Bryan Porter,Bryan_Porter@elliott.com,,88089671,Bryan,Porter,False,Porter_9b2d5
Brendan Smith,Brendan_Smith@williams.com,,67839775,Brendan,Smith,False,Smith_9b2d5
Jeffrey Hernandez,Jeffrey_Hernandez@mcdaniel.com,,76263607,Jeffrey,Hernandez,False,Hernandez_9b2d5
Michael Miller,Michael_Miller@taylor-moore.com,19640520,17581687,Michael,Miller,True,Miller_375ad
Theresa Newman,Theresa_Newman@perry-scott.com,,36575799,Theresa,Newman,False,Newman_9b2d5
Paul Romero,Paul_Romero@middleton-jones.com,,98843943,Paul,Romero,False,Romero_9b2d5
Janet Choi MD,Janet_Choi@neal.com,,66675695,Janet,Choi MD,False,Choi MD_9b2d5
Mark Bender,Mark_Bender@oneal-wilkins.com,,27354911,Mark,Bender,False,Bender_9b2d5
Abigail Brown,Abigail_Brown@jones-underwood.com,19801008,15726143,Abigail,Brown,True,Brown_b08b0
Antonio Dominguez,Antonio_Dominguez@nichols.com,19801115,75861007,Antonio,Dominguez,True,Dominguez_821d7
Tony Morris,Tony_Morris@davis.com,,33280551,Tony,Morris,False,Morris_9b2d5
Randy Carlson,Randy_Carlson@rivera.com,19550530,51211679,Randy,Carlson,True,Carlson_d8db2
Mitchell Pierce,Mitchell_Pierce@houston-conway.net,,96845551,Mitchell,Pierce,False,Pierce_9b2d5
Angela West,Angela_West@anderson-fitzgerald.com,,59397207,Angela,West,False,West_9b2d5
Kevin Peters,Kevin_Peters@edwards.com,19670206,28855487,Kevin,Peters,True,Peters_c9aea
Benjamin Conway,Benjamin_Conway@burton-paul.com,,23338319,Benjamin,Conway,False,Conway_9b2d5
Andrew Stewart,Andrew_Stewart@wong.com,19510212,19799879,Andrew,Stewart,True,Stewart_5a9fe
Brenda Jones,Brenda_Jones@lang.com,,62608823,Brenda,Jones,False,Jones_9b2d5
Elizabeth Bailey,Elizabeth_Bailey@stephenson-arnold.com,,20218071,Elizabeth,Bailey,False,Bailey_9b2d5
Kelly Levy,Kelly_Levy@barajas.com,19940508,74468255,Kelly,Levy,True,Levy_b4299
Thomas Burton,Thomas_Burton@dunn-avery.net,,14613071,Thomas,Burton,False,Burton_9b2d5
Paul Peterson,Paul_Peterson@bullock.com,,59148863,Paul,Peterson,False,Peterson_9b2d5
Michael Reilly,Michael_Reilly@cooper.net,,33876967,Michael,Reilly,False,Reilly_9b2d5
Alejandra Martinez,Alejandra_Martinez@jones.com,19791221,87381327,Alejandra,Martinez,True,Martinez_d6f6b
Timothy Sanders,Timothy_Sanders@harrell.com,,63453583,Timothy,Sanders,False,Sanders_9b2d5
Latoya Little,Latoya_Little@martinez.com,19780807,43404335,Latoya,Little,True,Little_c16bd
Sarah Harvey,Sarah_Harvey@martin-smith.com,19600331,58520471,Sarah,Harvey,True,Harvey_119d2
Melissa Ortiz,Melissa_Ortiz@lee-malone.com,,49637727,Melissa,Ortiz,False,Ortiz_9b2d5
Brooke Hernandez,Brooke_Hernandez@benitez.com,19911114,97309975,Brooke,Hernandez,True,Hernandez_bcb5b
Lisa Livingston,Lisa_Livingston@glover.com,,20519415,Lisa,Livingston,False,Livingston_9b2d5
Eugene Mason,Eugene_Mason@gardner.com,,47810855,Eugene,Mason,False,Mason_9b2d5
Daniel Cunningham,Daniel_Cunningham@cooper.com,,78657983,Daniel,Cunningham,False,Cunningham_9b2d5
Alex Smith,Alex_Smith@johnson.com,,58965703,Alex,Smith,False,Smith_9b2d5
Jessica Vargas,Jessica_Vargas@miller-price.net,,48925903,Jessica,Vargas,False,Vargas_9b2d5
Olivia Clark,Olivia_Clark@wade-roberson.com,,67793735,Olivia,Clark,False,Clark_9b2d5
Cathy Carney,Cathy_Carney@williams.net,,31104151,Cathy,Carney,False,Carney_9b2d5
Haley Baldwin,Haley_Baldwin@bush-wolfe.com,19650413,31940631,Haley,Baldwin,True,Baldwin_b3439
Alexander Wilson,Alexander_Wilson@barron-garcia.com,,13893319,Alexander,Wilson,False,Wilson_9b2d5
April Cole,April_Cole@vargas.com,,65186503,April,Cole,False,Cole_9b2d5
Holly Riley,Holly_Riley@stokes.com,,55620431,Holly,Riley,False,Riley_9b2d5
Jeffrey Poole,Jeffrey_Poole@cross.com,,82077439,Jeffrey,Poole,False,Poole_9b2d5
Rachel Poole,Rachel_Poole@jones.net,19760708,35095087,Rachel,Poole,True,Poole_c5b79
Sheena Ward,Sheena_Ward@wilson-mcbride.com,19730926,96834175,Sheena,Ward,True,Ward_57d0c
Cynthia Smith,Cynthia_Smith@smith.com,19510905,48760255,Cynthia,Smith,True,Smith_9f8dc
Kevin Clayton,Kevin_Clayton@miller.com,19750708,25081071,Kevin,Clayton,True,Clayton_7f5be
Sarah Coleman,Sarah_Coleman@novak.com,,37411775,Sarah,Coleman,False,Coleman_9b2d5
Cody Becker,Cody_Becker@hansen.com,,76003567,Cody,Becker,False,Becker_9b2d5
Miss Molly Miller,Molly_Miller@king-kelly.net,19771105,99947663,Miss,Molly Miller,True,Molly Miller_4ae09
Craig Bailey,Craig_Bailey@hancock-brown.com,,33032303,Craig,Bailey,False,Bailey_9b2d5
Patricia Gray,Patricia_Gray@dawson.com,,18281751,Patricia,Gray,False,Gray_9b2d5
Robert Rivera DVM,Robert_Rivera@gibson.com,19500722,35020847,Robert,Rivera DVM,True,Rivera DVM_6a7ce
Miss Michelle Lewis,Michelle_Lewis@wiggins-thornton.com,,64700455,Miss,Michelle Lewis,False,Michelle Lewis_9b2d5
John Owens,John_Owens@callahan.com,19670424,71230983,John,Owens,True,Owens_4cd37
Sarah Smith,Sarah_Smith@kirk.com,,22702359,Sarah,Smith,False,Smith_9b2d5
Nancy Lucas,Nancy_Lucas@aguilar.com,19830706,91477863,Nancy,Lucas,True,Lucas_94653
Christina Murray,Christina_Murray@collins-day.com,19791217,35027583,Christina,Murray,True,Murray_a46c7
Emma Berry,Emma_Berry@charles.com,,34612959,Emma,Berry,False,Berry_9b2d5
Christopher Gross,Christopher_Gross@grimes.net,,49217831,Christopher,Gross,False,Gross_9b2d5
Jason Hawkins,Jason_Hawkins@adams-hunter.com,,31750255,Jason,Hawkins,False,Hawkins_9b2d5
Jeffrey Rodriguez,Jeffrey_Rodriguez@johnson-white.com,,29947599,Jeffrey,Rodriguez,False,Rodriguez_9b2d5
Christina Miller,Christina_Miller@marshall-lucas.com,,92153503,Christina,Miller,False,Miller_9b2d5
Maria Miller,Maria_Miller@roberts.com,,86317751,Maria,Miller,False,Miller_9b2d5
Eileen Davis,Eileen_Davis@knox.com,19520404,19544735,Eileen,Davis,True,Davis_3a81f
Harry Miller,Harry_Miller@warner-jackson.com,19890613,63478047,Harry,Miller,True,Miller_4e2a7
Ellen Montes,Ellen_Montes@sellers.com,19610714,16519759,Ellen,Montes,True,Montes_29eaa
Gregory Mclean,Gregory_Mclean@valencia.com,,38860951,Gregory,Mclean,False,Mclean_9b2d5
Angela Spencer,Angela_Spencer@lopez.com,,18410783,Angela,Spencer,False,Spencer_9b2d5
Christina Price,Christina_Price@kennedy-tran.com,19860508,65381695,Christina,Price,True,Price_fb35b
Amber Randall,Amber_Randall@boyd-freeman.net,,60506343,Amber,Randall,False,Randall_9b2d5
Matthew Morris,Matthew_Morris@boyle-novak.com,19981111,49822607,Matthew,Morris,True,Morris_f9657
Cindy Blackburn,Cindy_Blackburn@bolton.net,,86098071,Cindy,Blackburn,False,Blackburn_9b2d5
Matthew Jacobson,Matthew_Jacobson@bishop-thomas.com,,99110191,Matthew,Jacobson,False,Jacobson_9b2d5
Stacy Jones,Stacy_Jones@perez.com,,71998399,Stacy,Jones,False,Jones_9b2d5
Scott Zimmerman,Scott_Zimmerman@fischer.com,19560130,70071511,Scott,Zimmerman,True,Zimmerman_881d6
Dakota Silva,Dakota_Silva@barker-miller.com,19790710,41853599,Dakota,Silva,True,Silva_fff90
Jacob Spencer MD,Jacob_Spencer@jefferson.net,19620226,41992359,Jacob,Spencer MD,True,Spencer MD_d5b01
Matthew Oliver,Matthew_Oliver@mitchell.com,19720423,14016935,Matthew,Oliver,True,Oliver_94edc
Roger Maddox,Roger_Maddox@richards.com,,86988519,Roger,Maddox,False,Maddox_9b2d5
Bryan Gutierrez,Bryan_Gutierrez@short-huerta.net,19881118,84795039,Bryan,Gutierrez,True,Gutierrez_c61e8
Peter Schultz,Peter_Schultz@shah.com,,78301895,Peter,Schultz,False,Schultz_9b2d5
Justin Burke,Justin_Burke@johnson.com,19960212,43401655,Justin,Burke,True,Burke_a32e6
Sarah Ramsey,Sarah_Ramsey@hayes.com,19640622,63376279,Sarah,Ramsey,True,Ramsey_4c3e8
Michael Chang,Michael_Chang@watkins.com,,99632783,Michael,Chang,False,Chang_9b2d5
Pamela Hughes,Pamela_Hughes@rivas-garza.com,,32117783,Pamela,Hughes,False,Hughes_9b2d5
Jimmy Morris,Jimmy_Morris@hall-watkins.com,19640120,31836895,Jimmy,Morris,True,Morris_25892
Lauren Romero,Lauren_Romero@davis.com,20020425,50100783,Lauren,Romero,True,Romero_e5750
Adam Jones,Adam_Jones@kline-reeves.com,,83246639,Adam,Jones,False,Jones_9b2d5
Matthew Murphy,Matthew_Murphy@graham.com,,18189831,Matthew,Murphy,False,Murphy_9b2d5
Jessica Arroyo,Jessica_Arroyo@flores-evans.com,,24971015,Jessica,Arroyo,False,Arroyo_9b2d5
Caleb Zuniga,Caleb_Zuniga@stone.net,,36180711,Caleb,Zuniga,False,Zuniga_9b2d5
Cheyenne Moreno,Cheyenne_Moreno@hampton.com,,61341887,Cheyenne,Moreno,False,Moreno_9b2d5
Courtney Lopez,Courtney_Lopez@sanders.com,,35323391,Courtney,Lopez,False,Lopez_9b2d5
Kenneth Williamson,Kenneth_Williamson@perez.com,19540310,36169599,Kenneth,Williamson,True,Williamson_2b72a
Bruce Browning,Bruce_Browning@robertson-baldwin.com,,22984503,Bruce,Browning,False,Browning_9b2d5
Shannon Gilbert,Shannon_Gilbert@brown-schaefer.com,,34472903,Shannon,Gilbert,False,Gilbert_9b2d5
Amanda Brown,Amanda_Brown@williams.com,19541218,52400391,Amanda,Brown,True,Brown_cde99
Riley Gomez,Riley_Gomez@hoffman.com,,20838807,Riley,Gomez,False,Gomez_9b2d5
Shelby Price,Shelby_Price@fuller.net,,74350543,Shelby,Price,False,Price_9b2d5
Scott Harris,Scott_Harris@mullins.com,,36307567,Scott,Harris,False,Harris_9b2d5
Bonnie Franklin,Bonnie_Franklin@gillespie.com,,22008807,Bonnie,Franklin,False,Franklin_9b2d5
Ashley Morris,Ashley_Morris@marshall.net,,13085855,Ashley,Morris,False,Morris_9b2d5
Jack Jensen,Jack_Jensen@kent-williamson.net,,93571087,Jack,Jensen,False,Jensen_9b2d5
Daniel Armstrong,Daniel_Armstrong@brown.com,,18991247,Daniel,Armstrong,False,Armstrong_9b2d5
Susan Donovan,Susan_Donovan@jordan-anderson.com,19690130,85222335,Susan,Donovan,True,Donovan_6c619
Michael Powell,Michael_Powell@mccall.com,,63894311,Michael,Powell,False,Powell_9b2d5
Alexander Lowe,Alexander_Lowe@morris.com,,93074023,Alexander,Lowe,False,Lowe_9b2d5
