name,email,date_of_birth,mobile_no,first_name,last_name,above_18,membership_id
Aaron Wilson,Aaron_Wilson@burke-benton.net,19870517,75053391,Aaron,Wilson,True,Wilson_6845c
Samuel Lee,Samuel_Lee@gardner-rodriguez.net,,57636831,Samuel,Lee,False,Lee_9b2d5
Jennifer Weaver,Jennifer_Weaver@patterson.com,19781015,74152151,Jennifer,Weaver,True,Weaver_feb81
Leonard Hamilton,Leonard_Hamilton@brown.com,,76082775,Leonard,Hamilton,False,Hamilton_9b2d5
Kathy Phillips,Kathy_Phillips@floyd.com,19841216,57829247,Kathy,Phillips,True,Phillips_608c9
Jennifer Jimenez,Jennifer_Jimenez@morgan.com,,59592559,Jennifer,Jimenez,False,Jimenez_9b2d5
Victoria Lawson,Victoria_Lawson@snyder.com,19540412,24045823,Victoria,Lawson,True,Lawson_6d37f
Michael Martinez,Michael_Martinez@hogan.net,,40271975,Michael,Martinez,False,Martinez_9b2d5
Paul Jones,Paul_Jones@clark-irwin.com,,91301999,Paul,Jones,False,Jones_9b2d5
Danielle Tran,Danielle_Tran@mann.com,,85246679,Danielle,Tran,False,Tran_9b2d5
Jeff Freeman,Jeff_Freeman@guzman.com,20030520,13590655,Jeff,Freeman,True,Freeman_35a3d
Marissa Jones,Marissa_Jones@lewis.net,,32094119,Marissa,Jones,False,Jones_9b2d5
Elijah Roy,Elijah_Roy@jones-baldwin.com,,57159015,Elijah,Roy,False,Roy_9b2d5
Courtney Simpson,Courtney_Simpson@preston-cantrell.com,,77314887,Courtney,Simpson,False,Simpson_9b2d5
Kimberly Hopkins,Kimberly_Hopkins@adams.com,,67364511,Kimberly,Hopkins,False,Hopkins_9b2d5
William King,William_King@cline-allen.com,19841115,21561215,William,King,True,King_4ae33
Stephanie Robertson,Stephanie_Robertson@owen-rodriguez.com,20020508,75259367,Stephanie,Robertson,True,Robertson_e101e
Rickey Hill,Rickey_Hill@parker-cohen.com,,56465207,Rickey,Hill,False,Hill_9b2d5
Erika Stewart,Erika_Stewart@solis.com,19851226,83552695,Erika,Stewart,True,Stewart_40f40
Christina Johnson,Christina_Johnson@clark.com,20010622,30262983,Christina,Johnson,True,Johnson_5dcd5
Kelli Wells,Kelli_Wells@jones.com,,27406215,Kelli,Wells,False,Wells_9b2d5
Nathan Archer,Nathan_Archer@gray.com,,72954367,Nathan,Archer,False,Archer_9b2d5
Michael Kline,Michael_Kline@phelps-alvarez.com,19650623,20968343,Michael,Kline,True,Kline_6fe75
Joshua Rodriguez,Joshua_Rodriguez@thornton-benitez.com,,27953967,Joshua,Rodriguez,False,Rodriguez_9b2d5
James Rodriguez,James_Rodriguez@logan.com,,50981423,James,Rodriguez,False,Rodriguez_9b2d5
Robert Ortega,Robert_Ortega@perez.com,19600316,57040695,Robert,Ortega,True,Ortega_7f647
Teresa Ruiz,Teresa_Ruiz@holmes.com,,22432447,Teresa,Ruiz,False,Ruiz_9b2d5
Madison Mejia,Madison_Mejia@sims.com,,73824679,Madison,Mejia,False,Mejia_9b2d5
James Bailey,James_Bailey@flynn.net,19860710,26146743,James,Bailey,True,Bailey_6dd20
Mary Perry,Mary_Perry@williams.net,,57879711,Mary,Perry,False,Perry_9b2d5
Crystal Jones,Crystal_Jones@webb.com,19620914,39588047,Crystal,Jones,True,Jones_85733
Aaron Brown,Aaron_Brown@yates.com,,43815191,Aaron,Brown,False,Brown_9b2d5
Tanya Barajas,Tanya_Barajas@davis.com,,92793871,Tanya,Barajas,False,Barajas_9b2d5
Samantha Rasmussen,Samantha_Rasmussen@stokes-leon.com,19940621,26634223,Samantha,Rasmussen,True,Rasmussen_0fcc4
Vincent Martin,Vincent_Martin@wright-lee.com,,55457087,Vincent,Martin,False,Martin_9b2d5
Tony Crawford,Tony_Crawford@moore.com,,15997263,Tony,Crawford,False,Crawford_9b2d5
Randy Sullivan,Randy_Sullivan@perez.net,,15665967,Randy,Sullivan,False,Sullivan_9b2d5
Kimberly Thompson,Kimberly_Thompson@brewer-walters.net,20001112,88531623,Kimberly,Thompson,True,Thompson_5e06b
Martin Compton,Martin_Compton@morgan.com,,42037887,Martin,Compton,False,Compton_9b2d5
Tracy Brown,Tracy_Brown@joyce.com,,26044711,Tracy,Brown,False,Brown_9b2d5
Leslie Preston,Leslie_Preston@johns.com,19721005,71892959,Leslie,Preston,True,Preston_b78bc
Jay Parker,Jay_Parker@fowler.net,19930930,57583783,Jay,Parker,True,Parker_311d6
Lance Williams,Lance_Williams@williams.net,,19310567,Lance,Williams,False,Williams_9b2d5
Kathleen Allen,Kathleen_Allen@cook.com,,38829559,Kathleen,Allen,False,Allen_9b2d5
Marie Lamb,Marie_Lamb@hampton.com,,26841263,Marie,Lamb,False,Lamb_9b2d5
Nathan Flores,Nathan_Flores@gibbs.net,19790904,86883135,Nathan,Flores,True,Flores_b1169
Ashley Caldwell,Ashley_Caldwell@mason-bryant.com,,13420663,Ashley,Caldwell,False,Caldwell_9b2d5
Renee Martin,Renee_Martin@crawford-walker.com,19810421,55803823,Renee,Martin,True,Martin_caab2
Keith Parker,Keith_Parker@moore.com,,40120471,Keith,Parker,False,Parker_9b2d5
Melissa Levy,Melissa_Levy@arroyo.com,,51842935,Melissa,Levy,False,Levy_9b2d5
Brandon Powell,Brandon_Powell@craig-gonzales.net,19760606,43375815,Brandon,Powell,True,Powell_fe4b6
Kimberly Stone,Kimberly_Stone@murphy-bryant.com,,25323999,Kimberly,Stone,False,Stone_9b2d5
Adam Jones,Adam_Jones@ashley.com,19730316,55082935,Adam,Jones,True,Jones_575ba
Elizabeth Andersen,Elizabeth_Andersen@baker.com,19740123,69096535,Elizabeth,Andersen,True,Andersen_61066
Destiny Lutz,Destiny_Lutz@thompson-wright.com,19941204,87853607,Destiny,Lutz,True,Lutz_6aa1c
Brandy Allen,Brandy_Allen@hardy-griffin.com,,92130799,Brandy,Allen,False,Allen_9b2d5
Stephanie Decker,Stephanie_Decker@barrett.net,,92626639,Stephanie,Decker,False,Decker_9b2d5
Michelle Keller,Michelle_Keller@johnson.com,19510706,56139711,Michelle,Keller,True,Keller_86f7a
Stacey Yates,Stacey_Yates@lewis.com,19920812,30115967,Stacey,Yates,True,Yates_d9866
Sue Lee,Sue_Lee@rojas.com,,97367575,Sue,Lee,False,Lee_9b2d5
Anna Long,Anna_Long@coleman.com,,52566967,Anna,Long,False,Long_9b2d5
Annette Watson,Annette_Watson@brown-brennan.com,,67851175,Annette,Watson,False,Watson_9b2d5
James Thomas,James_Thomas@torres.net,,58718239,James,Thomas,False,Thomas_9b2d5
Kelli Olson,Kelli_Olson@campbell.net,,50265023,Kelli,Olson,False,Olson_9b2d5
Becky Reid,Becky_Reid@vargas.net,,37025287,Becky,Reid,False,Reid_9b2d5
Wesley Shaw,Wesley_Shaw@henderson-gibson.com,,76819471,Wesley,Shaw,False,Shaw_9b2d5
Pamela Boyd,Pamela_Boyd@freeman.com,,25030751,Pamela,Boyd,False,Boyd_9b2d5
Jeremy Lewis,Jeremy_Lewis@murray.com,,44159519,Jeremy,Lewis,False,Lewis_9b2d5
Jennifer Garza,Jennifer_Garza@herrera-klein.com,,31999455,Jennifer,Garza,False,Garza_9b2d5
Joseph Perry,Joseph_Perry@tucker.com,,16254071,Joseph,Perry,False,Perry_9b2d5
Heather Herman,Heather_Herman@williams-lindsey.com,,97877423,Heather,Herman,False,Herman_9b2d5
Laura Lopez,Laura_Lopez@rodriguez.com,,72627367,Laura,Lopez,False,Lopez_9b2d5
Reginald Barnes,Reginald_Barnes@walker-robinson.com,,19884399,Reginald,Barnes,False,Barnes_9b2d5
Robert Weaver,Robert_Weaver@young-leonard.com,19820218,39131199,Robert,Weaver,True,Weaver_201e1
Beth Martinez,Beth_Martinez@johnson.com,,87909191,Beth,Martinez,False,Martinez_9b2d5
Spencer Ware,Spencer_Ware@montgomery-lane.com,,74599951,Spencer,Ware,False,Ware_9b2d5
Willie Erickson,Willie_Erickson@bartlett.com,,53673855,Willie,Erickson,False,Erickson_9b2d5
Daniel Nguyen,Daniel_Nguyen@mccall.com,,37673823,Daniel,Nguyen,False,Nguyen_9b2d5
Leonard Martinez,Leonard_Martinez@mcbride.com,,14452319,Leonard,Martinez,False,Martinez_9b2d5
Robert Stephens,Robert_Stephens@lopez.com,20000619,92784815,Robert,Stephens,True,Stephens_5a6e3
Daniel Chen,Daniel_Chen@little.com,,46750383,Daniel,Chen,False,Chen_9b2d5
Samuel Dalton,Samuel_Dalton@marquez.com,,75194711,Samuel,Dalton,False,Dalton_9b2d5
Heather Bennett,Heather_Bennett@hamilton-blair.com,,64795847,Heather,Bennett,False,Bennett_9b2d5
Joshua King,Joshua_King@hale.net,20000601,99342223,Joshua,King,True,King_f3369
Crystal Blake,Crystal_Blake@parker.com,19701117,97878511,Crystal,Blake,True,Blake_e7660
Amanda Evans,Amanda_Evans@cox.com,,92559519,Amanda,Evans,False,Evans_9b2d5
Sergio Day,Sergio_Day@guzman-garrett.com,,27091295,Sergio,Day,False,Day_9b2d5
Julie Boyd,Julie_Boyd@white-george.com,,47949079,Julie,Boyd,False,Boyd_9b2d5
Logan Watkins,Logan_Watkins@hernandez.com,,87081215,Logan,Watkins,False,Watkins_9b2d5
Steven Ortiz,Steven_Ortiz@hamilton.com,19670506,15073183,Steven,Ortiz,True,Ortiz_8f14e
Lisa Marquez,Lisa_Marquez@day-smith.com,,18443671,Lisa,Marquez,False,Marquez_9b2d5
Jennifer Martin,Jennifer_Martin@moore.com,,83212175,Jennifer,Martin,False,Martin_9b2d5
Arthur Chandler,Arthur_Chandler@martin.com,,18438007,Arthur,Chandler,False,Chandler_9b2d5
Ronald Hudson,Ronald_Hudson@carson.com,19510310,66192423,Ronald,Hudson,True,Hudson_31f1d
Jennifer Lee,Jennifer_Lee@guerra-lopez.com,19500401,35305031,Jennifer,Lee,True,Lee_f2321
Gregory Yoder,Gregory_Yoder@robinson-johnson.com,19530620,75705319,Gregory,Yoder,True,Yoder_70108
Carolyn Harmon,Carolyn_Harmon@watts-horn.com,,55977599,Carolyn,Harmon,False,Harmon_9b2d5
Christopher Harrell,Christopher_Harrell@lindsey.com,,52999479,Christopher,Harrell,False,Harrell_9b2d5
Kevin Johnson,Kevin_Johnson@rogers.com,,15154639,Kevin,Johnson,False,Johnson_9b2d5
Michael Harrison,Michael_Harrison@franklin.com,19510819,29087871,Michael,Harrison,True,Harrison_087c8
Terry Moore,Terry_Moore@barker-ayers.com,19870615,19828167,Terry,Moore,True,Moore_c62aa
James Rogers,James_Rogers@green.net,,65821255,James,Rogers,False,Rogers_9b2d5
Kathleen Tran,Kathleen_Tran@wilson.net,,20044927,Kathleen,Tran,False,Tran_9b2d5
Jacqueline Conway,Jacqueline_Conway@robinson-carson.com,,91842383,Jacqueline,Conway,False,Conway_9b2d5
Maxwell Cole,Maxwell_Cole@larson.com,,41796463,Maxwell,Cole,False,Cole_9b2d5
Bethany Williamson,Bethany_Williamson@flores.com,,40227935,Bethany,Williamson,False,Williamson_9b2d5
Joseph Wright,Joseph_Wright@powell.net,,40768583,Joseph,Wright,False,Wright_9b2d5
Heidi Bolton,Heidi_Bolton@spencer.com,,58079023,Heidi,Bolton,False,Bolton_9b2d5
Daniel Lewis,Daniel_Lewis@robertson.com,,48084439,Daniel,Lewis,False,Lewis_9b2d5
Dale Ramirez,Dale_Ramirez@patton.com,19550323,59875791,Dale,Ramirez,True,Ramirez_63293
Carol Sharp,Carol_Sharp@garcia-lamb.com,19751203,18014567,Carol,Sharp,True,Sharp_19bdd
Joseph Buck,Joseph_Buck@jacobs.com,,34270063,Joseph,Buck,False,Buck_9b2d5
Lynn Anderson,Lynn_Anderson@williams-carter.com,19960113,75488911,Lynn,Anderson,True,Anderson_542fb
Sarah Harris,Sarah_Harris@thomas-sanchez.com,,52442775,Sarah,Harris,False,Harris_9b2d5
Victor Owens,Victor_Owens@collins.com,,53064383,Victor,Owens,False,Owens_9b2d5
Kimberly Koch,Kimberly_Koch@rodriguez.net,19870125,35893839,Kimberly,Koch,True,Koch_43971
Allison Obrien,Allison_Obrien@bailey-sanders.com,,81154631,Allison,Obrien,False,Obrien_9b2d5
John Rogers,John_Rogers@oneill.com,19710509,21046575,John,Rogers,True,Rogers_83dc9
Janet Collins,Janet_Collins@farrell.com,,89424095,Janet,Collins,False,Collins_9b2d5
Kristin Lawson,Kristin_Lawson@salinas.com,19761101,36661711,Kristin,Lawson,True,Lawson_a0aec
James Castaneda,James_Castaneda@miller-hart.com,19640126,64715807,James,Castaneda,True,Castaneda_7660a
Robert Ortiz,Robert_Ortiz@saunders-hunter.com,,80296223,Robert,Ortiz,False,Ortiz_9b2d5
Connie Harper,Connie_Harper@lewis.com,,21369119,Connie,Harper,False,Harper_9b2d5
Debbie Burns,Debbie_Burns@salinas.com,,95570935,Debbie,Burns,False,Burns_9b2d5
Gabriel Preston,Gabriel_Preston@black.com,19961120,88336263,Gabriel,Preston,True,Preston_b6298
Brandon Orozco,Brandon_Orozco@greene.com,,59988495,Brandon,Orozco,False,Orozco_9b2d5
Kari Nguyen,Kari_Nguyen@farley.com,19991119,47980591,Kari,Nguyen,True,Nguyen_6f546
Brittany Hill,Brittany_Hill@rogers-hoffman.com,,90817791,Brittany,Hill,False,Hill_9b2d5
Carrie Martinez,Carrie_Martinez@hendrix.com,,96107743,Carrie,Martinez,False,Martinez_9b2d5
Linda White,Linda_White@moore.com,,84876711,Linda,White,False,White_9b2d5
Jake Spencer,Jake_Spencer@murphy.com,,53533879,Jake,Spencer,False,Spencer_9b2d5
Joseph Chan,Joseph_Chan@hutchinson-gutierrez.com,,19544079,Joseph,Chan,False,Chan_9b2d5
Kathleen Ali,Kathleen_Ali@horn-rogers.com,,45338687,Kathleen,Ali,False,Ali_9b2d5
Danielle Stephens,Danielle_Stephens@miller.net,,16838823,Danielle,Stephens,False,Stephens_9b2d5
Brianna Schaefer,Brianna_Schaefer@nelson-mcmahon.com,19760312,34700887,Brianna,Schaefer,True,Schaefer_ff120
Angela Morris,Angela_Morris@murray.com,19760207,89409391,Angela,Morris,True,Morris_d143a
Jessica Smith,Jessica_Smith@walsh-steele.com,19510531,97984639,Jessica,Smith,True,Smith_69b70
Brenda Long,Brenda_Long@carter.net,,45992583,Brenda,Long,False,Long_9b2d5
Megan Taylor,Megan_Taylor@montgomery.com,19931005,12610975,Megan,Taylor,True,Taylor_7a3e1
Kelly Morales,Kelly_Morales@sanchez.com,19800227,44799815,Kelly,Morales,True,Morales_3cabc
Sheri Johnson,Sheri_Johnson@lucas.com,,34118127,Sheri,Johnson,False,Johnson_9b2d5
Lori Pacheco,Lori_Pacheco@ayala.com,,94662495,Lori,Pacheco,False,Pacheco_9b2d5
Sandra Schmidt,Sandra_Schmidt@herrera.com,,50638143,Sandra,Schmidt,False,Schmidt_9b2d5
Rachel Hill,Rachel_Hill@gutierrez.com,19540212,55824367,Rachel,Hill,True,Hill_bc827
Emily Case,Emily_Case@lewis.com,,90216215,Emily,Case,False,Case_9b2d5
Seth Alvarez,Seth_Alvarez@conrad.com,19800801,90929927,Seth,Alvarez,True,Alvarez_f00bd
Jose Reyes,Jose_Reyes@garcia.com,,94563263,Jose,Reyes,False,Reyes_9b2d5
Zachary Le,Zachary_Le@whitaker.com,,56441999,Zachary,Le,False,Le_9b2d5
Rhonda Anthony,Rhonda_Anthony@lawson.com,,12850551,Rhonda,Anthony,False,Anthony_9b2d5
Joseph Hill,Joseph_Hill@rodriguez-newton.com,,89902687,Joseph,Hill,False,Hill_9b2d5
Erin Davis,Erin_Davis@sanchez.net,,22992863,Erin,Davis,False,Davis_9b2d5
Lucas Brown,Lucas_Brown@miller.com,,34675679,Lucas,Brown,False,Brown_9b2d5
William Garcia,William_Garcia@powell.com,,25729991,William,Garcia,False,Garcia_9b2d5
Lauren Swanson,Lauren_Swanson@pena-pierce.com,19610921,85204407,Lauren,Swanson,True,Swanson_b3ea5
John Frank,John_Frank@martin.com,,42691023,John,Frank,False,Frank_9b2d5
Nicole Schmidt,Nicole_Schmidt@stephens.com,,86157423,Nicole,Schmidt,False,Schmidt_9b2d5
Nathan Gray,Nathan_Gray@scott-gonzalez.com,,48983767,Nathan,Gray,False,Gray_9b2d5
Nichole Delgado,Nichole_Delgado@dixon-cruz.com,,60338223,Nichole,Delgado,False,Delgado_9b2d5
Marcus Rodriguez,Marcus_Rodriguez@jones.com,,23424599,Marcus,Rodriguez,False,Rodriguez_9b2d5
Samuel Solomon,Samuel_Solomon@wolf.net,19871230,26166751,Samuel,Solomon,True,Solomon_23bae
Katrina Miller,Katrina_Miller@grimes.com,,81240247,Katrina,Miller,False,Miller_9b2d5
Raymond Conner,Raymond_Conner@oneal-johnson.com,19970128,95736583,Raymond,Conner,True,Conner_71970
Lori Fuller,Lori_Fuller@gordon.com,,54288255,Lori,Fuller,False,Fuller_9b2d5
Corey Wilson,Corey_Wilson@hoover-hernandez.com,,39467535,Corey,Wilson,False,Wilson_9b2d5
Holly James,Holly_James@macdonald.com,,62732175,Holly,James,False,James_9b2d5
Alicia Mccarty,Alicia_Mccarty@beasley.com,19820916,57669519,Alicia,Mccarty,True,Mccarty_a4b9d
Zoe Christian,Zoe_Christian@grant.com,19990319,22170983,Zoe,Christian,True,Christian_90eb3
Nicholas Watson,Nicholas_Watson@williams.com,,72181751,Nicholas,Watson,False,Watson_9b2d5
Victoria Wood,Victoria_Wood@proctor-baker.com,,13955959,Victoria,Wood,False,Wood_9b2d5
Jillian Knight,Jillian_Knight@davenport.com,,20417711,Jillian,Knight,False,Knight_9b2d5
Ryan Fisher,Ryan_Fisher@fletcher.com,19871030,63505855,Ryan,Fisher,True,Fisher_27703
Stephanie Howe,Stephanie_Howe@allen.com,19630509,37283343,Stephanie,Howe,True,Howe_80a05
Kenneth Kim,Kenneth_Kim@duran.com,19990505,37818767,Kenneth,Kim,True,Kim_c0e4a
Andrew Macias,Andrew_Macias@douglas.com,,28232535,Andrew,Macias,False,Macias_9b2d5
Elizabeth Huffman,Elizabeth_Huffman@zamora.com,,15486151,Elizabeth,Huffman,False,Huffman_9b2d5
Christina Stone,Christina_Stone@medina.com,,34449775,Christina,Stone,False,Stone_9b2d5
Alexander Merritt,Alexander_Merritt@butler.net,19800913,33574735,Alexander,Merritt,True,Merritt_696fd
Kelly Sanders,Kelly_Sanders@coleman.com,,29703695,Kelly,Sanders,False,Sanders_9b2d5
Matthew Jones,Matthew_Jones@arnold.com,,98616991,Matthew,Jones,False,Jones_9b2d5
Sarah David,Sarah_David@collier.net,,97218247,Sarah,David,False,David_9b2d5
Carmen Barajas,Carmen_Barajas@smith.com,,34685455,Carmen,Barajas,False,Barajas_9b2d5
Angela Johnson,Angela_Johnson@stewart.com,19840827,62439103,Angela,Johnson,True,Johnson_5dcba
Melissa Sparks,Melissa_Sparks@sanchez-stevenson.com,,27530863,Melissa,Sparks,False,Sparks_9b2d5
Katherine Hill,Katherine_Hill@tran.com,,37709951,Katherine,Hill,False,Hill_9b2d5
Kristin Hart,Kristin_Hart@ortega.com,19661217,36255543,Kristin,Hart,True,Hart_3b264
Jacqueline Ho,Jacqueline_Ho@henry.com,19610131,75359367,Jacqueline,Ho,True,Ho_73551
Michael Knight,Michael_Knight@davidson.com,19870804,71412263,Michael,Knight,True,Knight_d46f2
Heather Arroyo,Heather_Arroyo@martinez.com,,36165719,Heather,Arroyo,False,Arroyo_9b2d5
Lori Larson,Lori_Larson@flowers.com,,38397103,Lori,Larson,False,Larson_9b2d5
David Vazquez,David_Vazquez@davila-beck.com,19901206,57160871,David,Vazquez,True,Vazquez_73e4f
Sherry Hicks,Sherry_Hicks@stout-nicholson.com,19611127,12514111,Sherry,Hicks,True,Hicks_5e5f2
Sarah Davila,Sarah_Davila@nash.com,,46685303,Sarah,Davila,False,Davila_9b2d5
Karen Oneill,Karen_Oneill@gomez.com,,72265879,Karen,Oneill,False,Oneill_9b2d5
Nicholas Mills,Nicholas_Mills@williams.com,,68844231,Nicholas,Mills,False,Mills_9b2d5
Jennifer Montgomery,Jennifer_Montgomery@estrada-cole.com,,53834071,Jennifer,Montgomery,False,Montgomery_9b2d5
Cynthia Bailey,Cynthia_Bailey@oneill.com,,48942719,Cynthia,Bailey,False,Bailey_9b2d5
John Wright,John_Wright@harris.com,,96650335,John,Wright,False,Wright_9b2d5
Sheila Brown,Sheila_Brown@stevens-edwards.com,,32490999,Sheila,Brown,False,Brown_9b2d5
Lisa Moore,Lisa_Moore@ramos.com,19941119,99493567,Lisa,Moore,True,Moore_a6529
Julian Newman,Julian_Newman@haynes.com,,49873159,Julian,Newman,False,Newman_9b2d5
Thomas Ferguson,Thomas_Ferguson@guzman.com,,28787319,Thomas,Ferguson,False,Ferguson_9b2d5
Lauren Rodriguez,Lauren_Rodriguez@soto.com,,27106623,Lauren,Rodriguez,False,Rodriguez_9b2d5
Richard Anderson,Richard_Anderson@white.com,19580706,66751511,Richard,Anderson,True,Anderson_76323
Jessica Lee,Jessica_Lee@brown-baxter.com,,89410823,Jessica,Lee,False,Lee_9b2d5
Martin Allen,Martin_Allen@steele.com,20020924,99969439,Martin,Allen,True,Allen_7a4f2
Angela Mitchell,Angela_Mitchell@moreno-evans.com,,50190223,Angela,Mitchell,False,Mitchell_9b2d5
Derrick Sanchez,Derrick_Sanchez@mitchell.com,,97980535,Derrick,Sanchez,False,Sanchez_9b2d5
Christine Ellis,Christine_Ellis@blackwell.com,,69393823,Christine,Ellis,False,Ellis_9b2d5
Alyssa Salinas,Alyssa_Salinas@robbins.com,19981007,41363847,Alyssa,Salinas,True,Salinas_4cb46
Kevin Walsh,Kevin_Walsh@hamilton.net,,63251375,Kevin,Walsh,False,Walsh_9b2d5
Kenneth Knox,Kenneth_Knox@zamora.com,,47904991,Kenneth,Knox,False,Knox_9b2d5
Steve Mitchell,Steve_Mitchell@adkins-russell.com,19751027,98789479,Steve,Mitchell,True,Mitchell_1bdd4
Craig Hendricks,Craig_Hendricks@garcia-higgins.com,,51721063,Craig,Hendricks,False,Hendricks_9b2d5
Ricky Kerr,Ricky_Kerr@gonzalez-martinez.com,19510625,43238807,Ricky,Kerr,True,Kerr_a02d8
Gloria Aguilar,Gloria_Aguilar@dorsey-donaldson.com,,69773231,Gloria,Aguilar,False,Aguilar_9b2d5
Alexander Knight,Alexander_Knight@doyle.com,,41639975,Alexander,Knight,False,Knight_9b2d5
Joseph Cross,Joseph_Cross@mason-shaw.net,,35750023,Joseph,Cross,False,Cross_9b2d5
Joel Myers PhD,Joel_Myers@smith-willis.net,,49665991,Joel,Myers PhD,False,Myers PhD_9b2d5
Michael Mckee,Michael_Mckee@gordon.com,,87409327,Michael,Mckee,False,Mckee_9b2d5
Roy Park,Roy_Park@rodriguez-west.com,19551029,69451423,Roy,Park,True,Park_a639e
Jonathan Castro,Jonathan_Castro@sandoval.com,,95059239,Jonathan,Castro,False,Castro_9b2d5
Richard Carroll,Richard_Carroll@massey-gardner.com,19610526,61422551,Richard,Carroll,True,Carroll_78391
Michelle Fletcher,Michelle_Fletcher@anderson.com,,15665159,Michelle,Fletcher,False,Fletcher_9b2d5
Carol Murphy,Carol_Murphy@lowe.com,,54241135,Carol,Murphy,False,Murphy_9b2d5
Michael Russell,Michael_Russell@orozco.com,,24280095,Michael,Russell,False,Russell_9b2d5
Shawna Andrews,Shawna_Andrews@freeman.com,19981115,12022295,Shawna,Andrews,True,Andrews_776f9
Dana Hernandez,Dana_Hernandez@jackson.com,,50236391,Dana,Hernandez,False,Hernandez_9b2d5
Lauren Harris,Lauren_Harris@long.com,,42605007,Lauren,Harris,False,Harris_9b2d5
Sean Morales,Sean_Morales@molina.com,,50605207,Sean,Morales,False,Morales_9b2d5
John Mendoza,John_Mendoza@mahoney.com,19850519,85845135,John,Mendoza,True,Mendoza_fa60d
Sierra Mcdaniel,Sierra_Mcdaniel@mata.com,20030713,77274903,Sierra,Mcdaniel,True,Mcdaniel_4de3f
Wendy Smith,Wendy_Smith@smith-webb.com,19700128,60349279,Wendy,Smith,True,Smith_85c0b
Leslie Diaz,Leslie_Diaz@thomas-shelton.com,,57506727,Leslie,Diaz,False,Diaz_9b2d5
Grant Snyder,Grant_Snyder@gonzales.com,,23872143,Grant,Snyder,False,Snyder_9b2d5
Brandi Jenkins,Brandi_Jenkins@miller.com,19651228,79308567,Brandi,Jenkins,True,Jenkins_27fe6
Amy Haynes,Amy_Haynes@levy.com,,41563455,Amy,Haynes,False,Haynes_9b2d5
John Roberts,John_Roberts@hendricks.com,19540315,16513279,John,Roberts,True,Roberts_d606a
Carrie Nelson,Carrie_Nelson@archer-murphy.com,,49242255,Carrie,Nelson,False,Nelson_9b2d5
Jacob Hood,Jacob_Hood@evans.com,,24204143,Jacob,Hood,False,Hood_9b2d5
Tracy Charles,Tracy_Charles@rowe.com,,62200511,Tracy,Charles,False,Charles_9b2d5
Brandon Johnson,Brandon_Johnson@ramirez.com,19850310,60862935,Brandon,Johnson,True,Johnson_56e3d
Wendy Nelson,Wendy_Nelson@day.com,,59119063,Wendy,Nelson,False,Nelson_9b2d5
Jasmine Ramsey,Jasmine_Ramsey@jackson.com,,16447279,Jasmine,Ramsey,False,Ramsey_9b2d5
William Beltran,William_Beltran@bean.com,,16495975,William,Beltran,False,Beltran_9b2d5
Gerald Stuart,Gerald_Stuart@strong.net,19951008,98421991,Gerald,Stuart,True,Stuart_08df4
Jacob Vaughan,Jacob_Vaughan@martinez.com,,69615007,Jacob,Vaughan,False,Vaughan_9b2d5
Matthew Fuentes,Matthew_Fuentes@miranda.com,,33411447,Matthew,Fuentes,False,Fuentes_9b2d5
April Carpenter,April_Carpenter@page.com,19710929,97274415,April,Carpenter,True,Carpenter_4acee
Rachel Garcia,Rachel_Garcia@neal.com,19961021,87786127,Rachel,Garcia,True,Garcia_d383b
Patrick Madden,Patrick_Madden@sanders.com,,35389647,Patrick,Madden,False,Madden_9b2d5
Angela Myers,Angela_Myers@rodriguez.com,,59457063,Angela,Myers,False,Myers_9b2d5
Wayne Baker,Wayne_Baker@brown.com,,92067207,Wayne,Baker,False,Baker_9b2d5
Haley Cox,Haley_Cox@lewis.com,,27911351,Haley,Cox,False,Cox_9b2d5
Dan Sanders,Dan_Sanders@klein-hernandez.com,,30043759,Dan,Sanders,False,Sanders_9b2d5
Thomas Fisher,Thomas_Fisher@phillips.com,19850415,99090999,Thomas,Fisher,True,Fisher_cd40a
Taylor Lopez,Taylor_Lopez@jones-salazar.com,,17889439,Taylor,Lopez,False,Lopez_9b2d5
Jeffrey Macias,Jeffrey_Macias@cox.com,19901003,98485783,Jeffrey,Macias,True,Macias_b438f
Brian Drake,Brian_Drake@hurst-price.net,19620211,83466007,Brian,Drake,True,Drake_a32f0
Timothy Jordan,Timothy_Jordan@young.com,19991228,77411263,Timothy,Jordan,True,Jordan_26d57
Kathy Leblanc,Kathy_Leblanc@warren-gray.com,,69067343,Kathy,Leblanc,False,Leblanc_9b2d5
William Floyd,William_Floyd@duran.com,,27758191,William,Floyd,False,Floyd_9b2d5
Angela Hayden,Angela_Hayden@barry.net,19960623,28574351,Angela,Hayden,True,Hayden_44dbe
Renee Hodges,Renee_Hodges@hamilton.com,,63899519,Renee,Hodges,False,Hodges_9b2d5
Samantha Miller,Samantha_Miller@mcmahon.com,,41451647,Samantha,Miller,False,Miller_9b2d5
Lauren Orozco,Lauren_Orozco@sanchez.com,20000126,71540231,Lauren,Orozco,True,Orozco_32e5d
April Owen,April_Owen@sanchez.com,,16552967,April,Owen,False,Owen_9b2d5
Evan Russell,Evan_Russell@ferguson.net,19590120,75209343,Evan,Russell,True,Russell_eeae9
Brent Castaneda,Brent_Castaneda@garcia.com,,80875871,Brent,Castaneda,False,Castaneda_9b2d5
Gregory Peters,Gregory_Peters@ray.net,,78256247,Gregory,Peters,False,Peters_9b2d5
Matthew Salazar,Matthew_Salazar@jones-jones.com,,50895327,Matthew,Salazar,False,Salazar_9b2d5
Natasha Martinez,Natasha_Martinez@west.com,,55194439,Natasha,Martinez,False,Martinez_9b2d5
Charles Powell,Charles_Powell@knight.com,,47215879,Charles,Powell,False,Powell_9b2d5
Brian Powell,Brian_Powell@hernandez.com,19591115,67153775,Brian,Powell,True,Powell_c3379
Laura Sandoval,Laura_Sandoval@brown.com,19860913,17475623,Laura,Sandoval,True,Sandoval_6592d
Charles Gonzalez,Charles_Gonzalez@navarro.com,19710404,94465511,Charles,Gonzalez,True,Gonzalez_bc4a4
Nicholas Caldwell,Nicholas_Caldwell@hurley-bass.com,,42525999,Nicholas,Caldwell,False,Caldwell_9b2d5
Brian Wyatt,Brian_Wyatt@wright-young.com,,63631399,Brian,Wyatt,False,Wyatt_9b2d5
Ryan Garcia,Ryan_Garcia@vazquez-wells.com,,26856535,Ryan,Garcia,False,Garcia_9b2d5
Megan Anderson,Megan_Anderson@wilson-murillo.com,,21736903,Megan,Anderson,False,Anderson_9b2d5
Pamela Hughes,Pamela_Hughes@charles-costa.com,,40181295,Pamela,Hughes,False,Hughes_9b2d5
Tiffany Scott,Tiffany_Scott@davis.com,,76272207,Tiffany,Scott,False,Scott_9b2d5
Stanley Conway,Stanley_Conway@adams.com,,71853567,Stanley,Conway,False,Conway_9b2d5
Yolanda Petty,Yolanda_Petty@dunlap-brown.com,19910125,69674519,Yolanda,Petty,True,Petty_89b4f
Tara Jones,Tara_Jones@blankenship.net,,49275455,Tara,Jones,False,Jones_9b2d5
George Williams,George_Williams@patton.com,,69991287,George,Williams,False,Williams_9b2d5
Lori Allen,Lori_Allen@valdez-phillips.com,,28175727,Lori,Allen,False,Allen_9b2d5
Charles Kelly,Charles_Kelly@dalton.com,,62777351,Charles,Kelly,False,Kelly_9b2d5
Jonathan Villa,Jonathan_Villa@suarez.com,,80471287,Jonathan,Villa,False,Villa_9b2d5
Cindy Jackson,Cindy_Jackson@garcia-burch.com,,60954247,Cindy,Jackson,False,Jackson_9b2d5
Scott Williams,Scott_Williams@keller-wong.com,19800803,85799255,Scott,Williams,True,Williams_09feb
Dylan Hernandez,Dylan_Hernandez@singleton-johnson.com,,31405951,Dylan,Hernandez,False,Hernandez_9b2d5
Michelle Garcia,Michelle_Garcia@lynch.com,,52895823,Michelle,Garcia,False,Garcia_9b2d5
Matthew Bailey,Matthew_Bailey@benjamin.com,19870728,39436023,Matthew,Bailey,True,Bailey_255ab
Curtis Flynn,Curtis_Flynn@cook-drake.com,19780926,58787463,Curtis,Flynn,True,Flynn_066c3
Thomas Perez,Thomas_Perez@greene-lopez.com,,96377439,Thomas,Perez,False,Perez_9b2d5
Sheri Kline,Sheri_Kline@hinton.com,,33546343,Sheri,Kline,False,Kline_9b2d5
Jeff Baker,Jeff_Baker@bentley.com,19670424,57871767,Jeff,Baker,True,Baker_4cd37
Shannon Thomas,Shannon_Thomas@dawson-alexander.com,,18892279,Shannon,Thomas,False,Thomas_9b2d5
Jeffrey Murray,Jeffrey_Murray@jones.net,19821221,27473887,Jeffrey,Murray,True,Murray_8d3f7
Kristin Wagner,Kristin_Wagner@clayton.com,,66045343,Kristin,Wagner,False,Wagner_9b2d5
Nicole Shea,Nicole_Shea@mcclure.com,,28795599,Nicole,Shea,False,Shea_9b2d5
